isoAlpha3,latitude,longitude
AND,42.549486,1.565842
ARE,25.020213,54.981409
AFG,33.471209,65.571937
ATG,17.067326,-61.882997
AIA,18.227156,-63.039909
ALB,41.044667,20.045658
ARM,40.128375,45.217891
AGO,-11.037595,17.661375
ATA,-72.459863,-11.140184
ARG,-35.601774,-66.49349
ASM,-14.289858,-170.712168
AUT,47.60306,13.461103
AUS,-24.599416,133.500693
ABW,12.506928,-69.97401
ALA,60.238109,20.365532
AZE,40.136582,47.006964
BIH,44.155385,17.907097
BRB,13.17338,-59.54943
BGD,23.502346,90.451329
BEL,50.568724,4.810686
BFA,11.662678,-2.306891
BGR,42.62177,25.079972
BHR,25.91076,50.660716
BDI,-3.147446,29.96573
BEN,9.747318,2.384507
BLM,17.896378,-62.83517
BMU,32.303591,-64.759337
BRN,4.525177,114.867902
BOL,-15.540959,-65.152523
BES,12.164177,-68.251318
BRA,-9.73,-52.05
BHS,24.371414,-76.598266
BTN,27.471754,90.462822
BVT,-54.427858,3.416696
BWA,-22.975163,24.687889
BLR,53.454644,28.343976
BLZ,17.264814,-88.321276
CAN,59.209918,-101.94573
CCK,-12.173615,96.869083
COD,-3.878197,23.557852
CAF,6.380845,21.104015
COG,0.032966,15.720801
CHE,46.718074,8.406399
CIV,7.561217,-5.7679
COK,-16.522756,-159.66415
CHL,-33.472423,-70.769915
CMR,6.793971,12.989538
CHN,34.986206,102.838896
COL,4.118648,-73.421321
CRI,9.702284,-84.217751
CUB,21.860898,-79.530738
CPV,15.983792,-23.951724
CUW,12.214757,-68.993385
CXR,-10.494757,105.655721
CYP,35.036293,33.422368
CZE,49.883204,15.049059
DEU,51.493616,10.631046
DJI,11.761509,42.644279
DNK,55.794859,10.37716
DMA,15.420674,-61.374016
DOM,18.82622,-70.567424
DZA,30.395012,2.3345
ECU,-1.706613,-78.401584
EST,58.562741,24.402439
EGY,28.915098,31.902439
ESH,23.006535,-14.501158
ERI,14.947619,39.808267
ESP,39.293953,-5.091326
ETH,9.052991,38.154576
FIN,62.695179,26.13955
FJI,-17.466314,119.996749
FLK,-51.762371,-59.679791
FSM,6.767336,152.075427
FRO,62.068631,-6.818321
FRA,46.243896,2.412089
GAB,-0.815758,11.805025
GBR,52.467369,-1.497321
GRD,12.110181,-61.688759
GEO,42.228941,43.707196
GUF,3.501478,-53.404736
GGY,49.499047,-2.442219
GHA,8.398439,-1.019127
GIB,36.134323,-5.348223
GRL,70.05141,-41.84338
GMB,13.430912,-15.480747
GIN,10.197271,-10.896582
GLP,16.165856,-61.473908
GNQ,1.571672,10.471059
GRC,38.253384,23.965321
SGS,-55.0496,-34.922339
GTM,15.580901,-90.080279
GUM,13.425533,144.748774
GNB,11.663845,-15.413215
GUY,4.374742,-58.928342
HKG,22.342113,114.158427
HMD,-53.055116,73.468919
HND,14.751182,-85.835526
HRV,45.82758,16.314097
HTI,18.923258,-72.787987
HUN,47.216688,19.312548
IDN,-2.669966,119.105896
IRL,53.340023,-8.637892
ISR,31.64236,35.14034
IMN,54.189634,-4.569062
IND,23.062731,78.989057
IOT,-7.224456,72.230327
IRQ,34.153094,45.238801
IRN,33.066624,52.930408
ISL,64.769658,-18.547678
ITA,42.479613,12.853627
JEY,49.216131,-2.135251
JAM,18.108447,-77.255438
JOR,31.431827,36.36121
JPN,34.457979,134.113695
KEN,0.880663,37.977411
KGZ,41.093131,73.622367
KHM,12.60841,104.885442
KIR,-0.130177,41.987917
COM,-11.998472,43.789485
KNA,17.252084,-62.65579
PRK,39.994347,126.813683
KOR,35.459817,126.949338
KWT,29.435036,47.796311
CYM,19.329657,-82.080375
KAZ,48.206608,66.798401
LAO,18.408227,103.873066
LBN,33.88505,35.932938
LCA,13.906174,-60.981584
LIE,47.144536,9.550924
LKA,8.304124,80.608685
LBR,6.723859,-9.044403
LSO,-29.56602,28.2907
LTU,55.26261,23.944407
LUX,49.841215,6.141395
LVA,56.774616,24.970275
LBY,28.691703,16.569408
MAR,31.978584,-5.292539
MCO,43.738453,7.422101
MDA,47.206872,28.420831
MNE,42.77099,19.267319
MAF,18.069563,-63.076146
MDG,-16.574114,47.370041
MHL,7.395219,168.736163
MKD,41.622574,21.700573
MLI,14.128765,-6.134194
MMR,18.562061,97.136352
MNG,48.153932,102.067775
MAC,22.160796,113.55778
MNP,15.0625,145.631166
MTQ,14.625005,-60.979539
MRT,19.083406,-13.480035
MSR,16.739071,-62.194413
MLT,35.922358,14.378269
MUS,-18.81185,58.554431
MDV,1.914679,73.348283
MWI,-13.063801,34.065571
MEX,24.698715,-104.786071
MYS,3.924052,110.955755
MOZ,-16.756562,35.629948
NAM,-21.704402,18.362442
NCL,-21.34787,165.980258
NER,15.007506,7.183894
NFK,-29.033033,167.953551
NGA,8.149722,8.483917
NIC,13.533942,-84.289561
NLD,51.923929,5.390022
NOR,61.046,8.63
NPL,28.277163,84.268086
NRU,-0.527202,166.931766
NIU,-19.052765,-169.859997
NZL,-42.517277,171.936703
OMN,22.181704,56.664096
PAN,8.450565,-80.120834
PER,-7.223983,-73.939249
PYF,-16.496409,-143.965334
PNG,-6.150321,143.645505
PHL,10.999992,122.387073
PAK,32.122345,71.820651
POL,51.402107,18.921958
SPM,46.982719,-56.32806
PCN,-24.375776,-128.324717
PRI,18.178675,-66.346559
PSE,31.853791,35.055346
PRT,39.908633,-7.928998
PLW,7.505611,134.571553
PRY,-24.356253,-57.542035
QAT,25.319462,51.181646
REU,-21.111129,55.54521
ROU,45.841025,25.077195
SRB,44.091391,20.672604
RUS,62.171629,85.909666
RWA,-2.069624,29.891764
SAU,23.917564,42.243821
SLB,-8.87344,159.639383
SYC,-4.669705,55.464079
SDN,13.418613,28.783126
SWE,61.309695,18.340785
SGP,1.387348,103.812796
SHN,-15.973146,-5.711153
SVN,46.100659,14.917202
SJM,78.756906,17.684638
SVK,48.756574,19.637664
SLE,8.444177,-11.954274
SMR,43.939906,12.460432
SEN,14.076239,-14.460748
SOM,7.375032,45.995038
SUR,3.874575,-56.031836
SSD,7.366136,28.686348
STP,0.77373,6.929072
SLV,13.800142,-88.742226
SXM,18.048178,-63.054183
SYR,35.168935,37.71954
SWZ,-26.593769,31.458737
TCA,21.734068,-71.891779
TCD,11.756047,18.6043
ATF,-46.455454,66.497483
TGO,8.648479,0.776852
THA,16.156765,101.093815
TJK,38.758763,70.82384
TKL,-9.171183,-171.820766
TLS,-8.936091,125.398598
TKM,39.391663,57.972754
TUN,34.672423,9.784598
TON,-21.159555,-175.206461
TUR,38.706046,33.246824
TTO,10.615101,-61.314341
TUV,-8.52117,179.114855
TWN,23.710412,120.282177
TZA,-7.427215,35.932081
UKR,48.524556,31.231102
UGA,1.513929,31.871944
UMI,13.477124,-120.830975
USA,39.729977,-101.170936
URY,-32.123061,-56.071152
UZB,40.640961,67.279319
VAT,41.903824,12.447673
VCT,13.261437,-61.190859
VEN,7.391404,-65.574167
VGB,18.434094,-64.626885
VIR,17.740192,-64.78241
VNM,13.008984,108.461409
VUT,-16.188447,167.842474
WLF,-14.28139,-178.139641
WSM,-13.773461,-172.162722
YEM,14.809783,46.638886
MYT,-12.829256,45.138516
ZAF,-28.310608,24.503106
ZMB,-12.763231,28.49213
ZWE,-18.939701,29.574399
